<?xml version="1.0" encoding="UTF-8"?>
<!--

       Copyright ${license.git.copyrightYears} the original author or authors.

       Licensed under the Apache License, Version 2.0 (the "License");
       you may not use this file except in compliance with the License.
       You may obtain a copy of the License at

          http://www.apache.org/licenses/LICENSE-2.0

       Unless required by applicable law or agreed to in writing, software
       distributed under the License is distributed on an "AS IS" BASIS,
       WITHOUT WARRANTIES OR CONDITIONS OF ANY KIND, either express or implied.
       See the License for the specific language governing permissions and
       limitations under the License.

-->
<configuration>

  <!-- 控制台输出 -->
  <appender name="STDOUT" class="ch.qos.logback.core.ConsoleAppender">
    <Encoding>UTF-8</Encoding>
    <layout class="ch.qos.logback.classic.PatternLayout">
      <pattern>%d{HH:mm:ss.SSS} [%thread] %-5level %logger{50} - %msg%n
      </pattern>
    </layout>
  </appender>

  <!-- 按照每天生成日志文件 -->
  <appender name="FILE"
            class="ch.qos.logback.core.rolling.RollingFileAppender">
    <Encoding>UTF-8</Encoding>
    <rollingPolicy class="ch.qos.logback.core.rolling.TimeBasedRollingPolicy">
      <FileNamePattern>${LOG_HOME}/myApp.log.%d{yyyy-MM-dd}.log</FileNamePattern>
      <MaxHistory>30</MaxHistory>
    </rollingPolicy>
    <layout class="ch.qos.logback.classic.PatternLayout">
      <pattern>%d{HH:mm:ss.SSS} [%thread] %-5level %logger{50} - %msg%n
      </pattern>
    </layout>
  </appender>
  <logger name="com.ibatis" level="DEBUG" />
  <logger name="com.ibatis.common.jdbc.SimpleDataSource" level="DEBUG" />
  <logger name="com.ibatis.common.jdbc.ScriptRunner" level="DEBUG" />
  <logger name="com.ibatis.sqlmap.engine.impl.SqlMapClientDelegate" level="DEBUG" />
  <logger name="java.sql.Connection" level="DEBUG" />
  <logger name="java.sql.Statement" level="DEBUG" />
  <logger name="java.sql.PreparedStatement" level="DEBUG" />

  <root level="DEBUG">
    <appender-ref ref="STDOUT"/>
    <appender-ref ref="FILE"/>
  </root>
</configuration>
