<?xml version="1.0" encoding="UTF-8" ?>
<!--

       Copyright ${license.git.copyrightYears} the original author or authors.

       Licensed under the Apache License, Version 2.0 (the "License");
       you may not use this file except in compliance with the License.
       You may obtain a copy of the License at

          http://www.apache.org/licenses/LICENSE-2.0

       Unless required by applicable law or agreed to in writing, software
       distributed under the License is distributed on an "AS IS" BASIS,
       WITHOUT WARRANTIES OR CONDITIONS OF ANY KIND, either express or implied.
       See the License for the specific language governing permissions and
       limitations under the License.

-->
<!DOCTYPE configuration
  PUBLIC "-//mybatis.org//DTD Config 3.0//EN"
  "http://mybatis.org/dtd/mybatis-3-config.dtd">
<configuration>
  <properties resource="jdbc.properties">
      <property name="password" value="root"></property>
  </properties>
<!--  <typeAliases>
    <package name="bat.ke.qq.com.pojo"></package>
  </typeAliases>-->
<!--  <plugins>
    <plugin interceptor="bat.ke.qq.com.plugin.SqlPrintInterceptor"></plugin>
  </plugins>-->
<!--  <settings>
    <setting name="defaultExecutorType" value="BATCH"/>
  </settings>-->
    <settings>
      <!--开启二级缓存-->
      <setting name="cacheEnabled" value="true"/>
    </settings>
  <environments default="development">
    <environment id="development">
      <transactionManager type="JDBC"/>
      <dataSource type="POOLED">
        <property name="driver" value="${driver}"/>
        <property name="url" value="${url}"/>
        <property name="username" value="${username}"/>
        <property name="password" value="${password}"/>
      </dataSource>
    </environment>
  </environments>

  <mappers>
   <mapper resource="mapper/BlogMapper.xml"/>
   <mapper resource="mapper/MyBlogMapper.xml"/>
    <!--<mapper class="bat.ke.qq.com.mapper.BlogMapper"></mapper>-->

  </mappers>
</configuration>
